Family,Group/Tag,Weight
ABeeZee,/Sans/Geometric,10
ABeeZee,/Sans/Humanist,75
ADLaM Display,/Display/Wacky,20
ADLaM Display,/Sans/Humanist,70
ADLaM Display,/Sans/Rounded,20
AR One Sans,/Sans/Geometric,30
AR One Sans,/Sans/Humanist,50
Abel,/Sans/Geometric,40
Abel,/Sans/Humanist,10
Abel,/Sans/Neo Grotesque,40
Abhaya Libre,/Serif/Modern,70
Abhaya Libre,/Serif/Transitional,10
Abhaya Libre,/Sinhala/Traditional/High contrast,100
Aboreto,/Sans/Glyphic,50
Aboreto,/Sans/Humanist,70
Abril Fatface,/Serif/Fat Face,90
Abril Fatface,/Serif/Modern,90
Abyssinica SIL,/Sans/Humanist,50
Abyssinica SIL,/Serif/Old Style Garalde,10
Aclonica,/Display/Techno,20
Aclonica,/Sans/Humanist,10
Acme,/Display/Wacky,20
Acme,/Sans/Glyphic,50
Acme,/Sans/Humanist,50
Actor,/Sans/Humanist,70
Adamina,/Serif/Old Style Garalde,80
Advent Pro,/Display/Wacky,10
Advent Pro,/Sans/Humanist,40
Agdasima,/Display/Techno,30
Agdasima,/Sans/Humanist,60
Aguafina Script,/Script/Formal,50
Aguafina Script,/Script/Handwritten,10
Aguafina Script,/Script/Informal,20
Akatab,/Sans/Humanist,90
Akaya Kanadaka,/Display/Blobby,90
Akaya Kanadaka,/Indic/Sign Painting/vernacular,100
Akaya Kanadaka,/Sans/Humanist,50
Akaya Kanadaka,/Sans/Rounded,50
Akaya Kanadaka,/Script/Upright Script,50
Akaya Telivigala,/Display/Blobby,90
Akaya Telivigala,/Indic/Sign Painting/vernacular,100
Akaya Telivigala,/Sans/Humanist,50
Akaya Telivigala,/Sans/Rounded,50
Akaya Telivigala,/Script/Upright Script,50
Akronim,/Display/Shaded,50
Akshar,/Indic/Low contrast,100
Akshar,/Sans/Geometric,20
Akshar,/Sans/Humanist,50
Aladin,/Display/Art Nouveau,70
Alata,/Sans/Geometric,80
Alatsi,/Sans/Geometric,70
Alatsi,/Sans/Humanist,20
Albert Sans,/Sans/Geometric,60
Aldrich,/Display/Techno,10
Aldrich,/Sans/Geometric,50
Aldrich,/Sans/Grotesque,10
Aldrich,/Sans/Superelipse,25
Alef,/Sans/Humanist,50
Alegreya,/Serif/Humanist Venetian,100
Alegreya SC,/Serif/Humanist Venetian,100
Alegreya Sans,/Sans/Humanist,100
Alegreya Sans SC,/Sans/Humanist,100
Aleo,/Slab/Humanist,100
Alex Brush,/Script/Formal,70
Alexandria,/Arabic/Kufi,100
Alexandria,/Sans/Geometric,40
Alexandria,/Sans/Humanist,20
Alfa Slab One,/Slab/Geometric,50
Alfa Slab One,/Slab/Humanist,50
Alice,/Serif/Old Style Garalde,70
Alike,/Serif/Old Style Garalde,70
Alike Angular,/Serif/Old Style Garalde,70
Alkalami,/Arabic/West African,100
Alkatra,/Script/Handwritten,50
Alkatra,/Script/Informal,70
Allan,/Script/Informal,70
Allerta Stencil,/Display/Stencil,100
Allison,/Script/Formal,20
Allison,/Script/Handwritten,30
Allison,/Script/Informal,80
Allura,/Script/Formal,90
Almarai,/Arabic/Kufi,100
Almarai,/Sans/Geometric,70
Almarai,/Sans/Neo Grotesque,70
Almendra,/Serif/Humanist Venetian,100
Almendra Display,/Display/Blackletter,100
Almendra SC,/Serif/Humanist Venetian,80
Alumni Sans,/Sans/Geometric,20
Alumni Sans,/Sans/Humanist,20
Alumni Sans Pinstripe,/Sans/Geometric,10
Alumni Sans Pinstripe,/Sans/Humanist,10
Amarante,/Display/Art Nouveau,100
Amarante,/Sans/Glyphic,30
Amaranth,/Sans/Humanist,100
Amatic SC,/Script/Handwritten,100
Amethysta,/Serif/Old Style Garalde,70
Amethysta,/Serif/Transitional,20
Amiko,/Sans/Humanist,100
Amiri,/Arabic/Naskh,100
Amiri,/Serif/Old Style Garalde,100
Amiri Quran,/Arabic/Naskh,100
Amiri Quran,/Serif/Old Style Garalde,100
Amita,/Script/Informal,20
Amita,/Script/Upright Script,20
Anaheim,/Sans/Humanist,100
Andada Pro,/Slab/Humanist,100
Andika,/Sans/Humanist,100
Anek Bangla,/Sans/Humanist,100
Anek Devanagari,/Sans/Humanist,100
Anek Gujarati,/Sans/Humanist,100
Anek Gurmukhi,/Sans/Humanist,100
Anek Kannada,/Sans/Humanist,100
Anek Latin,/Sans/Humanist,100
Anek Malayalam,/Sans/Humanist,100
Anek Odia,/Sans/Humanist,100
Anek Tamil,/Sans/Humanist,100
Anek Telugu,/Sans/Humanist,100
Angkor,/Slab/Humanist,20
Angkor,"/South East Asian (Thai, Khmer, Lao)/Looped",100
Annie Use Your Telescope,/Script/Handwritten,100
Anonymous Pro,/Sans/Geometric,20
Anonymous Pro,/Sans/Humanist,50
Antic,/Sans/Humanist,100
Antic Didone,/Serif/Modern,70
Antic Slab,/Slab/Geometric,70
Anton,/Sans/Grotesque,30
Anton,/Sans/Neo Grotesque,70
Antonio,/Sans/Grotesque,20
Antonio,/Sans/Humanist,60
Anuphan,/Sans/Geometric,60
Anuphan,"/South East Asian (Thai, Khmer, Lao)/Loopless",100
Anybody,/Sans/Superelipse,100
Arapey,/Serif/Modern,30
Arapey,/Serif/Transitional,60
Arbutus,/Display/Woodtype,100
Arbutus,/Slab/Humanist,50
Arbutus Slab,/Slab/Clarendon,50
Arbutus Slab,/Slab/Humanist,10
Archivo,/Sans/Grotesque,70
Archivo Black,/Sans/Grotesque,70
Archivo Narrow,/Sans/Grotesque,70
Are You Serious,/Display/Wacky,40
Aref Ruqaa,/Arabic/Ruqah,100
Aref Ruqaa,/Serif/Humanist Venetian,60
Aref Ruqaa Ink,/Arabic/Ruqah,100
Aref Ruqaa Ink,/Serif/Humanist Venetian,60
Arima,/Script/Upright Script,30
Arizonia,/Script/Informal,50
Armata,/Sans/Geometric,10
Armata,/Sans/Humanist,50
Armata,/Sans/Superelipse,20
Arsenal,/Sans/Grotesque,50
Arsenal,/Sans/Humanist,50
Artifika,/Script/Upright Script,50
Arvo,/Slab/Geometric,100
Arya,/Indic/Contemporary/High contrast,50
Arya,/Indic/Reverse-contrast,100
Arya,/Indic/Sign Painting/vernacular,10
Arya,/Sans/Geometric,25
Arya,/Sans/Humanist,75
Asap,/Sans/Humanist,75
Asap,/Sans/Rounded,80
Asap Condensed,/Indic/Sign Painting/vernacular,40
Asap Condensed,/Indic/Traditional/High contrast,50
Asap Condensed,/Sans/Humanist,75
Asap Condensed,/Sans/Rounded,80
Asar,/Serif/Humanist Venetian,60
Asset,/Serif/Fat Face,100
Assistant,/Sans/Geometric,60
Assistant,/Sans/Humanist,30
Astloch,/Display/Blackletter,100
Asul,/Sans/Glyphic,100
Athiti,/Sans/Geometric,20
Athiti,/Sans/Humanist,70
Atkinson Hyperlegible,/Sans/Grotesque,70
Atma,/Display/Wacky,100
Atma,/Indic/Contemporary/High contrast,60
Atma,/Indic/Sign Painting/vernacular,10
Atomic Age,/Script/Upright Script,20
Aubrey,/Display/Art Nouveau,100
Audiowide,/Display/Techno,100
Autour One,/Display/Wacky,30
Autour One,/Script/Handwritten,100
Average,/Serif/Old Style Garalde,50
Average,/Serif/Transitional,50
Average Sans,/Sans/Geometric,50
Average Sans,/Sans/Humanist,50
Averia Libre,/Display/Blobby,25
Averia Libre,/Display/Distressed,5
Averia Libre,/Sans/Rounded,100
Averia Sans Libre,/Display/Blobby,100
Averia Sans Libre,/Sans/Rounded,100
B612,/Sans/Geometric,20
B612,/Sans/Humanist,20
B612 Mono,/Sans/Geometric,20
B612 Mono,/Sans/Humanist,20
Babylonica,/Display/Distressed,100
Babylonica,/Script/Informal,60
Bacasime Antique,/Serif/Transitional,100
Bad Script,/Script/Handwritten,100
Bagel Fat One,/Display/Blobby,80
Bagel Fat One,/Sans/Rounded,100
Bai Jamjuree,/Sans/Superelipse,100
Bai Jamjuree,"/South East Asian (Thai, Khmer, Lao)/Looped",100
Bakbak One,/Sans/Geometric,30
Bakbak One,/Sans/Superelipse,70
Ballet,/Script/Formal,100
Baloo 2,/Sans/Rounded,100
Baloo Bhai 2,/Sans/Rounded,100
Baloo Bhaijaan 2,/Sans/Rounded,100
Baloo Bhaina 2,/Sans/Rounded,100
Baloo Chettan 2,/Sans/Rounded,100
Baloo Da 2,/Sans/Rounded,100
Baloo Paaji 2,/Sans/Rounded,100
Baloo Tamma 2,/Sans/Rounded,100
Baloo Tammudu 2,/Sans/Rounded,100
Baloo Thambi 2,/Sans/Rounded,100
Balsamiq Sans,/Sans/Rounded,100
Barlow,/Sans/Grotesque,80
Barlow,/Sans/Rounded,80
Barlow Condensed,/Sans/Grotesque,80
Barlow Condensed,/Sans/Rounded,80
Barlow Semi Condensed,/Sans/Grotesque,80
Barlow Semi Condensed,/Sans/Rounded,80
Barriecito,/Display/Wacky,70
Barrio,/Display/Wacky,70
Basic,/Sans/Geometric,40
Baskervville,/Serif/Transitional,100
Battambang,/Slab/Geometric,70
Battambang,"/South East Asian (Thai, Khmer, Lao)/Looped",100
Baumans,/Display/Techno,30
Baumans,/Sans/Geometric,80
Bayon,/Sans/Grotesque,40
Bayon,"/South East Asian (Thai, Khmer, Lao)/Loopless",100
Be Vietnam Pro,/Sans/Neo Grotesque,100
Beau Rivage,/Script/Formal,100
Bebas Neue,/Sans/Neo Grotesque,100
Belanosima,/Sans/Grotesque,30
Belanosima,/Sans/Rounded,50
Bellefair,/Hebrew/Normal,100
Bellefair,/Serif/Humanist Venetian,25
Bellefair,/Serif/Old Style Garalde,75
Belleza,/Sans/Grotesque,10
Belleza,/Sans/Humanist,90
Bellota,/Sans/Geometric,20
Bellota,/Sans/Humanist,80
Bellota Text,/Sans/Geometric,20
Bellota Text,/Sans/Humanist,80
BenchNine,/Sans/Grotesque,10
BenchNine,/Sans/Humanist,70
BenchNine,/Sans/Rounded,20
Benne,/Indic/Traditional/High contrast,100
Benne,/Serif/Old Style Garalde,100
Bentham,/Serif/Modern,100
Berkshire Swash,/Sans/Humanist,50
Berkshire Swash,/Script/Upright Script,50
Besley,/Slab/Clarendon,100
Beth Ellen,/Script/Handwritten,100
Bevan,/Slab/Geometric,40
Bevan,/Slab/Humanist,60
Bhavuka,/Sans/Geometric,20
Bhavuka,/Sans/Humanist,80
BhuTuka Expanded One,/Indic/Low contrast,100
BhuTuka Expanded One,/Slab/Humanist,100
Big Shoulders Display,/Sans/Geometric,20
Big Shoulders Display,/Sans/Grotesque,40
Big Shoulders Display,/Sans/Humanist,20
Big Shoulders Display,/Sans/Superelipse,20
Big Shoulders Inline Display,/Display/Inline,20
Big Shoulders Inline Display,/Sans/Geometric,15
Big Shoulders Inline Display,/Sans/Grotesque,30
Big Shoulders Inline Display,/Sans/Humanist,15
Big Shoulders Inline Display,/Sans/Superelipse,20
Big Shoulders Inline Text,/Display/Inline,20
Big Shoulders Inline Text,/Sans/Geometric,15
Big Shoulders Inline Text,/Sans/Grotesque,30
Big Shoulders Inline Text,/Sans/Humanist,15
Big Shoulders Inline Text,/Sans/Superelipse,20
Big Shoulders Stencil Display,/Display/Stencil,20
Big Shoulders Stencil Display,/Sans/Geometric,15
Big Shoulders Stencil Display,/Sans/Grotesque,30
Big Shoulders Stencil Display,/Sans/Humanist,15
Big Shoulders Stencil Display,/Sans/Superelipse,20
Big Shoulders Stencil Text,/Display/Stencil,30
Big Shoulders Stencil Text,/Sans/Geometric,10
Big Shoulders Stencil Text,/Sans/Grotesque,30
Big Shoulders Stencil Text,/Sans/Humanist,10
Big Shoulders Stencil Text,/Sans/Superelipse,20
Big Shoulders Text,/Sans/Geometric,20
Big Shoulders Text,/Sans/Grotesque,40
Big Shoulders Text,/Sans/Humanist,20
Big Shoulders Text,/Sans/Superelipse,20
Bigelow Rules,/Display/Wacky,60
Bigelow Rules,/Serif/Modern,40
Bigshot One,/Serif/Fat Face,20
Bigshot One,/Serif/Scotch,80
Bilbo,/Script/Handwritten,100
Bilbo Swash Caps,/Script/Formal,10
Bilbo Swash Caps,/Script/Handwritten,90
BioRhyme,/Slab/Geometric,40
BioRhyme,/Slab/Humanist,60
BioRhyme Expanded,/Slab/Geometric,20
BioRhyme Expanded,/Slab/Humanist,80
Birthstone,/Script/Formal,20
Birthstone,/Script/Handwritten,80
Birthstone Bounce,/Script/Formal,30
Birthstone Bounce,/Script/Handwritten,70
Biryani,/Indic/Low contrast,100
Biryani,/Sans/Geometric,30
Biryani,/Sans/Humanist,70
Bitter,/Serif/Humanist Venetian,20
Bitter,/Serif/Scotch,80
Black Ops One,/Display/Stencil,50
Black Ops One,/Sans/Geometric,50
Blaka,/Arabic/Kufi,100
Blaka,/Display/Blackletter,100
Blaka Hollow,/Arabic/Kufi,100
Blaka Hollow,/Display/Blackletter,50
Blaka Hollow,/Display/Inline,50
Blaka Ink,/Arabic/Kufi,100
Blaka Ink,/Display/Blackletter,100
Blinker,/Sans/Humanist,40
Blinker,/Sans/Superelipse,100
Bodoni Moda,/Display/Blackletter,100
Bodoni Moda,/Serif/Modern,100
Bona Nova,/Serif/Humanist Venetian,100
Bonbon,/Display/Blobby,100
Bonbon,/Display/Wacky,80
Bonbon,/Script/Handwritten,100
Bonbon,/Script/Informal,80
Bonheur Royale,/Script/Formal,100
Bonheur Royale,/Script/Handwritten,80
Boogaloo,/Display/Wacky,30
Boogaloo,/Script/Informal,100
Boogaloo,/Script/Upright Script,50
Borel,/Script/Formal,50
Borel,/Script/Upright Script,100
Bowlby One,/Display/Distressed,40
Bowlby One,/Sans/Grotesque,100
Bowlby One SC,/Display/Distressed,40
Bowlby One SC,/Sans/Grotesque,100
Braah One,/Sans/Geometric,50
Braah One,/Sans/Humanist,50
Brawler,/Serif/Old Style Garalde,50
Brawler,/Serif/Scotch,50
Bree Serif,/Slab/Humanist,100
Bricolage Grotesque,/Sans/Neo Grotesque,100
Bruno Ace,/Sans/Superelipse,100
Bruno Ace SC,/Sans/Superelipse,100
Brygada 1918,/Serif/Transitional,100
Bubblegum Sans,/Script/Handwritten,100
Bubblegum Sans,/Script/Informal,100
Bubbler One,/Sans/Humanist,40
Bubbler One,/Script/Informal,20
Buda,/Display/Wacky,50
Buda,/Sans/Humanist,50
Buda,/Serif/Humanist Venetian,50
Buenard,/Serif/Humanist Venetian,40
Buenard,/Serif/Old Style Garalde,90
Bungee,/Display/Woodtype,10
Bungee,/Sans/Geometric,70
Bungee,/Sans/Humanist,5
Bungee,/Sans/Rounded,60
Bungee Color,/Display/Inline,100
Bungee Color,/Display/Woodtype,10
Bungee Hairline,/Display/Woodtype,10
Bungee Hairline,/Sans/Geometric,70
Bungee Hairline,/Sans/Humanist,5
Bungee Hairline,/Sans/Rounded,60
Bungee Inline,/Display/Inline,100
Bungee Inline,/Display/Woodtype,10
Bungee Inline,/Sans/Geometric,70
Bungee Inline,/Sans/Humanist,5
Bungee Inline,/Sans/Rounded,60
Bungee Outline,/Display/Woodtype,10
Bungee Outline,/Sans/Geometric,70
Bungee Outline,/Sans/Humanist,5
Bungee Outline,/Sans/Rounded,60
Bungee Shade,/Display/Woodtype,10
Bungee Shade,/Sans/Geometric,70
Bungee Shade,/Sans/Humanist,5
Bungee Shade,/Sans/Rounded,60
Bungee Spice,/Sans/Geometric,70
Bungee Spice,/Sans/Humanist,5
Bungee Spice,/Sans/Rounded,60
Butcherman,/Display/Blobby,10
Butcherman,/Display/Distressed,10
Butcherman,/Display/Wacky,100
Butterfly Kids,/Display/Blobby,10
Butterfly Kids,/Display/Distressed,40
Butterfly Kids,/Script/Handwritten,100
Butterfly Kids,/Script/Informal,100
Cabin,/Sans/Humanist,100
Cabin Condensed,/Sans/Humanist,100
Cabin Sketch,/Display/Distressed,100
Cabin Sketch,/Sans/Humanist,100
Caesar Dressing,/Display/Distressed,20
Caesar Dressing,/Display/Wacky,100
Caesar Dressing,/Script/Handwritten,10
Cagliostro,/Sans/Humanist,100
Cagliostro,/Script/Handwritten,10
Cairo,/Sans/Geometric,20
Cairo,/Sans/Humanist,20
Cairo,/Sans/Superelipse,100
Cairo Play,/Sans/Geometric,20
Cairo Play,/Sans/Humanist,20
Cairo Play,/Sans/Superelipse,100
Caladea,/Serif/Modern,70
Calistoga,/Serif/Transitional,80
Calligraffitti,/Script/Handwritten,80
Calligraffitti,/Script/Informal,80
Cambay,/Indic/Low contrast,100
Cambay,/Sans/Humanist,100
Cambo,/Serif/Modern,70
Candal,/Display/Woodtype,20
Candal,/Sans/Humanist,100
Cantarell,/Sans/Humanist,100
Cantata One,/Serif/Modern,100
Cantora One,/Sans/Glyphic,40
Cantora One,/Sans/Humanist,100
Caprasimo,/Serif/Transitional,100
Capriola,/Display/Wacky,20
Capriola,/Sans/Glyphic,40
Capriola,/Sans/Humanist,50
Capriola,/Sans/Rounded,70
Capriola,/Script/Upright Script,20
Caramel,/Script/Formal,70
Caramel,/Script/Handwritten,10
Carattere,/Script/Formal,80
Carattere,/Script/Handwritten,20
Cardo,/Serif/Old Style Garalde,100
Carlito,/Sans/Humanist,20
Carlito,/Sans/Neo Grotesque,80
Carlito,/Sans/Rounded,10
Carme,/Sans/Humanist,20
Carme,/Sans/Neo Grotesque,80
Carrois Gothic,/Sans/Neo Grotesque,100
Carrois Gothic SC,/Sans/Neo Grotesque,100
Carter One,/Sans/Glyphic,40
Carter One,/Sans/Humanist,80
Carter One,/Script/Handwritten,30
Castoro,/Serif/Old Style Garalde,20
Castoro,/Serif/Transitional,100
Castoro Titling,/Serif/Old Style Garalde,50
Castoro Titling,/Serif/Transitional,50
Catamaran,/Indic/Low contrast,100
Catamaran,/Sans/Humanist,30
Catamaran,/Sans/Neo Grotesque,80
Caudex,/Script/Handwritten,20
Caudex,/Script/Upright Script,10
Caudex,/Serif/Humanist Venetian,80
Caveat,/Script/Handwritten,100
Caveat,/Script/Informal,100
Caveat Brush,/Script/Handwritten,100
Caveat Brush,/Script/Informal,100
Caveat Brush,/Script/Upright Script,100
Cedarville Cursive,/Script/Handwritten,100
Cedarville Cursive,/Script/Informal,100
Ceviche One,/Display/Wacky,20
Ceviche One,/Sans/Glyphic,20
Ceviche One,/Script/Informal,80
Chakra Petch,/Display/Inline,30
Chakra Petch,/Display/Techno,100
Chakra Petch,/Sans/Geometric,10
Chakra Petch,"/South East Asian (Thai, Khmer, Lao)/Looped",100
Changa,/Arabic/Kufi,100
Changa,/Display/Techno,40
Changa,/Sans/Geometric,10
Changa,/Sans/Superelipse,50
Changa One,/Display/Techno,40
Changa One,/Sans/Humanist,20
Changa One,/Sans/Superelipse,50
Chango,/Display/Blobby,30
Chango,/Display/Woodtype,80
Chango,/Sans/Geometric,30
Chango,/Sans/Rounded,30
Charis SIL,/Serif/Transitional,100
Charm,/Script/Formal,100
Charm,"/South East Asian (Thai, Khmer, Lao)/Looped",100
Charmonman,/Script/Formal,70
Charmonman,/Script/Informal,10
Charmonman,"/South East Asian (Thai, Khmer, Lao)/Looped",100
Chathura,/Display/Techno,40
Chathura,/Indic/Low contrast,100
Chathura,/Indic/Sign Painting/vernacular,20
Chathura,/Sans/Geometric,10
Chathura,/Sans/Superelipse,80
Chau Philomene One,/Display/Woodtype,20
Chau Philomene One,/Sans/Neo Grotesque,40
Chau Philomene One,/Sans/Rounded,20
Chau Philomene One,/Sans/Superelipse,50
Chela One,/Display/Brush/Marker,100
Chelsea Market,/Display/Distressed,100
Chelsea Market,/Display/Wacky,20
Chelsea Market,/Sans/Geometric,50
Chenla,"/South East Asian (Thai, Khmer, Lao)/Chrieng (Khmer)",100
Cherish,/Display/Distressed,30
Cherish,/Script/Formal,80
Cherry Bomb One,/Display/Blobby,80
Cherry Bomb One,/Display/Wacky,20
Cherry Cream Soda,/Display/Brush/Marker,40
Cherry Cream Soda,/Display/Wacky,10
Cherry Cream Soda,/Display/Woodtype,30
Cherry Swash,/Slab/Humanist,100
Chewy,/Display/Blobby,30
Chewy,/Display/Brush/Marker,80
Chewy,/Display/Distressed,10
Chicle,/Display/Art Nouveau,25
Chicle,/Display/Blobby,100
Chilanka,/Display/Brush/Marker,80
Chilanka,/Script/Handwritten,100
Chivo,/Sans/Grotesque,100
Chivo Mono,/Sans/Grotesque,100
Chokokutai,/Display/Techno,70
Chokokutai,/Display/Wacky,80
Chokokutai,/Slab/Geometric,10
Chonburi,/Display/Woodtype,80
Chonburi,/Serif/Didone,100
Chonburi,"/South East Asian (Thai, Khmer, Lao)/Loopless",100
Cinzel,/Serif/Old Style Garalde,100
Cinzel Decorative,/Display/Medieval,40
Cinzel Decorative,/Serif/Old Style Garalde,100
Clicker Script,/Script/Informal,80
Clicker Script,/Script/Upright Script,40
Climate Crisis,/Display/Blobby,20
Climate Crisis,/Sans/Geometric,70
Climate Crisis,/Sans/Humanist,30
Coda,/Display/Techno,20
Coda,/Sans/Geometric,10
Coda,/Sans/Superelipse,80
Codystar,/Display/Distressed,20
Codystar,/Display/Inline,30
Codystar,/Sans/Rounded,100
Coiny,/Display/Blobby,50
Coiny,/Sans/Geometric,50
Combo,/Display/Art Nouveau,10
Combo,/Display/Brush/Marker,40
Combo,/Display/Wacky,50
Combo,/Sans/Glyphic,40
Combo,/Sans/Superelipse,10
Comfortaa,/Sans/Geometric,100
Comfortaa,/Sans/Rounded,100
Comforter,/Script/Handwritten,10
Comforter,/Script/Informal,80
Comforter Brush,/Display/Distressed,80
Comforter Brush,/Script/Handwritten,10
Comforter Brush,/Script/Informal,80
Comic Neue,/Display/Brush/Marker,40
Comic Neue,/Sans/Rounded,80
Coming Soon,/Display/Brush/Marker,40
Coming Soon,/Sans/Rounded,80
Coming Soon,/Script/Handwritten,100
Comme,/Sans/Humanist,100
Commissioner,/Sans/Humanist,100
Commissioner,/Serif/Fat Face,10
Concert One,/Display/Blobby,20
Concert One,/Display/Brush/Marker,10
Concert One,/Sans/Geometric,20
Concert One,/Sans/Grotesque,80
Condiment,/Script/Handwritten,60
Condiment,/Script/Informal,100
Contrail One,/Sans/Humanist,100
Cookie,/Script/Formal,100
Cookie,/Script/Handwritten,80
Cookie,/Script/Upright Script,40
Copse,/Serif/Transitional,40
Copse,/Slab/Clarendon,20
Copse,/Slab/Humanist,100
Corben,/Serif/Fat Face,50
Corben,/Serif/Modern,50
Corinthia,/Script/Formal,100
Corinthia,/Script/Handwritten,80
Cormorant,/Serif/Old Style Garalde,100
Cormorant Garamond,/Serif/Old Style Garalde,100
Cormorant Infant,/Serif/Old Style Garalde,80
Cormorant SC,/Serif/Old Style Garalde,100
Cormorant Unicase,/Display/Medieval,30
Cormorant Unicase,/Serif/Old Style Garalde,80
Cormorant Upright,/Serif/Old Style Garalde,80
Courgette,/Script/Handwritten,10
Courgette,/Script/Informal,80
Courier Prime,/Slab/Clarendon,70
Cousine,/Sans/Neo Grotesque,80
Coustard,/Serif/Humanist Venetian,40
Coustard,/Serif/Transitional,40
Coustard,/Slab/Humanist,20
Covered By Your Grace,/Display/Brush/Marker,100
Covered By Your Grace,/Script/Handwritten,100
Covered By Your Grace,/Script/Informal,100
Crafty Girls,/Display/Brush/Marker,100
Crafty Girls,/Script/Handwritten,100
Crafty Girls,/Script/Informal,100
Creepster,/Display/Blobby,20
Creepster,/Display/Distressed,80
Creepster,/Display/Wacky,20
Creepster Caps,/Display/Blobby,20
Creepster Caps,/Display/Distressed,80
Creepster Caps,/Display/Wacky,20
Crete Round,/Slab/Clarendon,100
Crimson Pro,/Serif/Old Style Garalde,100
Crimson Text,/Serif/Old Style Garalde,100
Croissant One,/Script/Informal,80
Croissant One,/Script/Upright Script,80
Croissant One,/Serif/Didone,60
Crushed,/Display/Art Nouveau,20
Crushed,/Display/Wacky,10
Cuprum,/Sans/Neo Grotesque,100
Cute Font,/Display/Techno,100
Cute Font,/Display/Wacky,10
Cutive,/Slab/Clarendon,80
Cutive,/Slab/Humanist,10
Cutive Mono,/Slab/Clarendon,80
Cutive Mono,/Slab/Humanist,10
DM Mono,/Sans/Geometric,100
DM Mono,/Sans/Neo Grotesque,10
DM Sans,/Sans/Geometric,100
DM Sans,/Sans/Neo Grotesque,10
DM Serif Display,/Serif/Transitional,100
DM Serif Text,/Serif/Transitional,100
Dai Banna SIL,/Serif/Old Style Garalde,40
Dai Banna SIL,/Serif/Transitional,40
Dangrek,/Display/Blobby,20
Dangrek,/Sans/Rounded,80
Darumadrop One,/Display/Distressed,80
Darumadrop One,/Display/Wacky,20
David Libre,/Serif/Old Style Garalde,100
Dela Gothic One,/Display/Wacky,10
Dela Gothic One,/Display/Woodtype,40
Dela Gothic One,/Sans/Geometric,10
Dela Gothic One,/Sans/Grotesque,80
Devonshire,/Script/Handwritten,100
Devonshire,/Script/Informal,100
Devonshire,/Script/Upright Script,80
Dhurjati,/Display/Woodtype,60
Dhurjati,/Sans/Superelipse,50
Dhyana,/Sans/Humanist,100
Didact Gothic,/Sans/Geometric,100
Digital Numbers,/Display/Techno,100
Diphylleia,/Script/Informal,20
Diphylleia,/Script/Upright Script,40
Diphylleia,/Serif/Transitional,20
Diplomata,/Display/Inline,100
Diplomata,/Serif/Didone,100
Diplomata SC,/Script/Informal,20
Diplomata SC,/Script/Upright Script,40
Diplomata SC,/Serif/Didone,100
Do Hyeon,/Sans/Geometric,20
Do Hyeon,/Sans/Humanist,20
Do Hyeon,/Sans/Superelipse,100
Dokdo,/Display/Brush/Marker,100
Domine,/Serif/Modern,100
Domine,/Serif/Transitional,20
Donegal One,/Serif/Transitional,80
Dongle,/Sans/Geometric,100
Dongle,/Sans/Rounded,100
Doppio One,/Sans/Humanist,100
Dorsa,/Display/Art Deco,40
Dosis,/Sans/Geometric,30
Dosis,/Sans/Rounded,100
DotGothic16,/Display/Techno,100
DotGothic16,/Sans/Glyphic,80
DotGothic16,/Sans/Grotesque,30
Dr Sugiyama,/Script/Handwritten,30
Dr Sugiyama,/Script/Informal,50
Dr Sugiyama,/Script/Upright Script,100
Duru Sans,/Sans/Humanist,100
DynaPuff,/Display/Blobby,100
DynaPuff,/Display/Wacky,50
DynaPuff,/Sans/Glyphic,100
DynaPuff,/Sans/Rounded,100
Dynalight,/Script/Formal,100
EB Garamond,/Serif/Old Style Garalde,100
Eagle Lake,/Display/Medieval,50
Eagle Lake,/Script/Formal,50
Eagle Lake,/Script/Handwritten,70
East Sea Dokdo,/Script/Handwritten,100
Eater,/Display/Wacky,100
Economica,/Sans/Humanist,80
Economica,/Sans/Superelipse,100
Eczar,/Serif/Old Style Garalde,60
Edu NSW ACT Foundation,/Script/Handwritten,100
Edu NSW ACT Foundation,/Script/Informal,60
Edu QLD Beginner,/Script/Handwritten,100
Edu QLD Beginner,/Script/Informal,60
Edu SA Beginner,/Script/Handwritten,100
Edu SA Beginner,/Script/Informal,60
Edu TAS Beginner,/Script/Handwritten,100
Edu TAS Beginner,/Script/Informal,60
Edu VIC WA NT Beginner,/Script/Handwritten,100
Edu VIC WA NT Beginner,/Script/Informal,60
Ek Mukta,/Indic/Contemporary/High contrast,100
Ek Mukta,/Sans/Humanist,100
El Messiri,/Sans/Glyphic,80
Electrolize,/Display/Techno,100
Electrolize,/Sans/Geometric,80
Elsie,/Serif/Didone,100
Elsie Swash Caps,/Serif/Didone,100
Emblema One,/Display/Stencil,100
Emblema One,/Display/Woodtype,80
Emilys Candy,/Display/Distressed,20
Emilys Candy,/Display/Wacky,80
Emilys Candy,/Serif/Modern,80
Encode Sans,/Sans/Humanist,100
Encode Sans Condensed,/Sans/Humanist,100
Encode Sans Expanded,/Sans/Humanist,100
Encode Sans SC,/Sans/Humanist,100
Encode Sans Semi Condensed,/Sans/Humanist,100
Encode Sans Semi Expanded,/Sans/Humanist,100
Engagement,/Script/Formal,100
Engagement,/Script/Upright Script,100
Englebert,/Display/Wacky,50
Enriqueta,/Slab/Humanist,80
Ephesis,/Script/Formal,100
Epilogue,/Sans/Geometric,80
Erica One,/Display/Woodtype,80
Erica One,/Sans/Humanist,50
Erica One,/Sans/Neo Grotesque,70
Esteban,/Display/Distressed,20
Esteban,/Serif/Transitional,100
Estonia,/Display/Blobby,30
Estonia,/Display/Distressed,100
Estonia,/Script/Informal,40
Euphoria Script,/Script/Formal,20
Euphoria Script,/Script/Informal,60
Ewert,/Display/Shaded,100
Ewert,/Display/Woodtype,20
Exo,/Sans/Humanist,30
Exo,/Sans/Superelipse,100
Exo 2,/Sans/Humanist,30
Exo 2,/Sans/Superelipse,100
Expletus Sans,/Display/Stencil,100
Expletus Sans,/Sans/Humanist,20
Expletus Sans,/Sans/Superelipse,100
Explora,/Script/Formal,100
Fahkwang,/Sans/Grotesque,20
Familjen Grotesk,/Sans/Neo Grotesque,100
Fanwood Text,/Serif/Transitional,100
Farro,/Sans/Glyphic,100
Farro,/Sans/Humanist,80
Farsan,/Script/Handwritten,100
Fascinate,/Display/Art Deco,100
Fascinate Inline,/Display/Art Deco,100
Fascinate Inline,/Display/Inline,100
Fasthand,/Script/Handwritten,100
Fasthand,/Script/Informal,100
Fauna One,/Slab/Humanist,100
Faustina,/Serif/Scotch,100
Federant,/Sans/Humanist,20
Federant,/Sans/Superelipse,100
Federo,/Display/Art Deco,60
Federo,/Sans/Grotesque,20
Felipa,/Script/Formal,100
Fenix,/Serif/Humanist Venetian,20
Fenix,/Serif/Old Style Garalde,20
Festive,/Display/Wacky,40
Festive,/Script/Handwritten,30
Festive,/Script/Informal,100
Figtree,/Sans/Geometric,100
Finlandica,/Sans/Humanist,100
Fira Code,/Sans/Humanist,80
Fira Code,/Slab/Humanist,30
Fira Mono,/Sans/Humanist,80
Fira Mono,/Slab/Humanist,30
Fira Sans,/Sans/Humanist,100
Fjalla One,/Sans/Grotesque,100
Fjalla One,/Sans/Superelipse,100
Fjord One,/Serif/Scotch,80
Flamenco,/Sans/Geometric,50
Flamenco,/Slab/Humanist,50
Fleur De Leah,/Script/Formal,60
Fleur De Leah,/Script/Informal,40
Foldit,/Display/Shaded,100
Fondamento,/Script/Handwritten,100
Fontdiner Swanky,/Display/Wacky,100
Forum,/Serif/Modern,100
Fragment Mono,/Sans/Grotesque,100
Francois One,/Sans/Grotesque,20
Francois One,/Sans/Humanist,10
Francois One,/Sans/Neo Grotesque,80
Frank Ruhl Libre,/Serif/Modern,80
Fraunces,/Display/Wacky,20
Fraunces,/Display/Woodtype,50
Fraunces,/Serif/Old Style Garalde,100
Freckle Face,/Display/Distressed,100
Freckle Face,/Display/Techno,30
Freckle Face,/Display/Wacky,70
Fredericka the Great,/Display/Brush/Marker,10
Fredericka the Great,/Display/Distressed,80
Fredericka the Great,/Display/Wacky,20
Fredericka the Great,/Serif/Didone,100
Fredoka,/Sans/Geometric,100
Fredoka,/Sans/Rounded,100
Freehand,/Display/Brush/Marker,30
Freehand,/Display/Distressed,80
Freehand,/Script/Handwritten,100
Freehand,/Script/Informal,80
Fresca,/Display/Blobby,10
Fresca,/Display/Wacky,80
Fresca,/Sans/Geometric,10
Fresca,/Sans/Glyphic,20
Fresca,/Sans/Humanist,80
Frijole,/Display/Blobby,60
Frijole,/Display/Distressed,40
Frijole,/Display/Wacky,90
Frijole,/Display/Woodtype,40
Frijole,/Sans/Humanist,80
Fruktur,/Display/Blackletter,90
Fruktur,/Display/Brush/Marker,30
Fruktur,/Script/Informal,70
Fruktur,/Script/Upright Script,100
Fugaz One,/Sans/Geometric,80
Fugaz One,/Sans/Glyphic,10
Fuggles,/Script/Handwritten,50
Fuggles,/Script/Informal,100
Fuzzy Bubbles,/Display/Brush/Marker,80
Fuzzy Bubbles,/Display/Wacky,20
Fuzzy Bubbles,/Script/Handwritten,100
Fuzzy Bubbles,/Script/Informal,100
GFS Didot,/Serif/Didone,100
GFS Neohellenic,/Sans/Humanist,100
Gabarito,/Sans/Geometric,100
Gabriela,/Display/Wacky,20
Gabriela,/Script/Upright Script,80
Gabriela,/Serif/Old Style Garalde,80
Gaegu,/Display/Blobby,30
Gaegu,/Display/Brush/Marker,80
Gaegu,/Sans/Rounded,100
Gaegu,/Script/Handwritten,100
Gaegu,/Script/Informal,100
Gaegu,/Script/Upright Script,100
Gafata,/Sans/Humanist,100
Gajraj One,/Indic/Contemporary/High contrast,90
Gajraj One,/Indic/Sign Painting/vernacular,80
Galada,/Script/Informal,100
Galdeano,/Sans/Glyphic,100
Galindo,/Display/Wacky,20
Galindo,/Display/Woodtype,50
Gamja Flower,/Display/Blobby,50
Gamja Flower,/Display/Brush/Marker,90
Gamja Flower,/Script/Handwritten,100
Gamja Flower,/Script/Informal,100
Gamja Flower,/Script/Upright Script,100
Gantari,/Sans/Geometric,20
Gantari,/Sans/Neo Grotesque,100
Gasoek One,/Display/Woodtype,70
Gasoek One,/Sans/Neo Grotesque,80
Gayathri,/Sans/Grotesque,90
Gayathri,/Sans/Rounded,90
Gelasio,/Serif/Transitional,100
Gemunu Libre,/Display/Techno,70
Gemunu Libre,/Sans/Geometric,50
Genos,/Display/Techno,100
Genos,/Sans/Superelipse,100
Gentium Book Plus,/Serif/Humanist Venetian,30
Gentium Book Plus,/Serif/Transitional,90
Gentium Plus,/Serif/Humanist Venetian,30
Gentium Plus,/Serif/Transitional,90
Geo,/Display/Techno,100
Geo,/Display/Woodtype,20
Geo,/Sans/Geometric,80
Geologica,/Sans/Geometric,10
Geologica,/Sans/Humanist,90
Georama,/Sans/Humanist,100
Georama,/Sans/Superelipse,50
Geostar,/Display/Inline,100
Geostar,/Display/Techno,10
Geostar,/Display/Woodtype,20
Germania One,/Display/Blackletter,100
Germania One,/Sans/Geometric,10
Gideon Roman,/Serif/Humanist Venetian,80
Gideon Roman,/Serif/Transitional,30
Gidugu,/Indic/Contemporary/High contrast,100
Gidugu,/Indic/Sign Painting/vernacular,20
Gidugu,/Sans/Grotesque,100
Gilda Display,/Serif/Transitional,100
Girassol,/Display/Woodtype,20
Girassol,/Serif/Old Style Garalde,100
Give You Glory,/Script/Handwritten,100
Give You Glory,/Script/Informal,100
Give You Glory,/Script/Upright Script,80
Glass Antiqua,/Display/Art Nouveau,10
Glass Antiqua,/Display/Wacky,40
Glass Antiqua,/Display/Woodtype,10
Glegoo,/Indic/Low contrast,100
Glegoo,/Slab/Humanist,20
Gloock,/Serif/Fat Face,60
Gloock,/Serif/Transitional,100
Gloria Hallelujah,/Script/Handwritten,100
Gloria Hallelujah,/Script/Informal,100
Gloria Hallelujah,/Script/Upright Script,10
Glory,/Sans/Humanist,20
Glory,/Sans/Neo Grotesque,40
Glory,/Sans/Superelipse,80
Gluten,/Script/Handwritten,100
Gluten,/Script/Informal,100
Gluten,/Script/Upright Script,90
Goblin One,/Display/Woodtype,80
Gochi Hand,/Script/Handwritten,100
Gochi Hand,/Script/Informal,100
Gochi Hand,/Script/Upright Script,90
Goldman,/Display/Techno,100
Goldman,/Sans/Superelipse,80
Golos Text,/Sans/Neo Grotesque,100
Gorditas,/Display/Wacky,100
Gothic A1,/Sans/Humanist,80
Gothic A1,/Sans/Neo Grotesque,20
Gotu,/Sans/Humanist,100
Goudy Bookletter 1911,/Serif/Old Style Garalde,100
Gowun Batang,/Serif/Transitional,100
Gowun Dodum,/Sans/Humanist,90
Gowun Dodum,/Sans/Neo Grotesque,20
Graduate,/Slab/Geometric,40
Grand Hotel,/Script/Informal,60
Grand Hotel,/Script/Upright Script,100
Grandiflora One,/Display/Art Nouveau,80
Grandiflora One,/Slab/Geometric,100
Grandstander,/Display/Wacky,50
Grandstander,/Sans/Humanist,20
Grape Nuts,/Script/Handwritten,100
Grape Nuts,/Script/Informal,100
Gravitas One,/Display/Woodtype,100
Gravitas One,/Serif/Fat Face,100
Great Vibes,/Script/Formal,80
Grechen Fuemen,/Script/Handwritten,40
Grechen Fuemen,/Script/Informal,100
Grenze,/Display/Blackletter,100
Grenze Gotisch,/Display/Blackletter,100
Grenze Gotisch,/Display/Woodtype,10
Grey Qo,/Script/Formal,80
Griffy,/Display/Distressed,50
Griffy,/Display/Wacky,100
Gruppo,/Sans/Humanist,20
Gruppo,/Sans/Neo Grotesque,70
Gruppo,/Sans/Rounded,100
Gudea,/Sans/Humanist,100
Gugi,/Display/Techno,100
Gugi,/Sans/Rounded,100
Gugi,/Sans/Superelipse,20
Gulzar,/Serif/Transitional,100
Gupter,/Serif/Transitional,100
Gurajada,/Indic/Sign Painting/vernacular,100
Gurajada,/Indic/Traditional/High contrast,100
Gurajada,/Sans/Humanist,100
Gwendolyn,/Script/Formal,80
Habibi,/Serif/Old Style Garalde,100
Hachi Maru Pop,/Display/Brush/Marker,100
Hachi Maru Pop,/Display/Wacky,20
Hachi Maru Pop,/Script/Handwritten,100
Hachi Maru Pop,/Script/Upright Script,100
Hahmlet,/Serif/Transitional,100
Halant,/Serif/Transitional,100
Hammersmith One,/Sans/Humanist,100
Hanalei,/Display/Wacky,20
Hanalei,/Sans/Glyphic,50
Hanalei Fill,/Display/Wacky,20
Hanalei Fill,/Sans/Glyphic,50
Handjet,/Display/Techno,100
Handlee,/Display/Brush/Marker,80
Handlee,/Script/Handwritten,100
Handlee,/Script/Informal,50
Hanken Grotesk,/Sans/Neo Grotesque,100
Hanuman,/Slab/Humanist,100
Happy Monkey,/Display/Brush/Marker,100
Happy Monkey,/Script/Handwritten,80
Happy Monkey,/Script/Upright Script,20
Harmattan,/Sans/Grotesque,80
Harmattan,/Sans/Neo Grotesque,40
HeadlandOne,/Serif/Humanist Venetian,80
Heebo,/Sans/Grotesque,90
Henny Penny,/Display/Wacky,60
Hepta Slab,/Slab/Geometric,90
Hermeneus One,/Serif/Transitional,80
Herr Von Muellerhoff,/Script/Formal,100
Hi Melody,/Display/Brush/Marker,60
Hi Melody,/Script/Handwritten,80
Hina Mincho,/Serif/Scotch,60
Hina Mincho,/Serif/Transitional,60
Hind,/Sans/Humanist,100
Hind Colombo,/Sans/Humanist,100
Hind Guntur,/Sans/Humanist,100
Hind Jalandhar,/Sans/Humanist,100
Hind Kochi,/Sans/Humanist,100
Hind Madurai,/Sans/Humanist,100
Hind Mysuru,/Sans/Humanist,100
Hind Siliguri,/Sans/Humanist,100
Hind Vadodara,/Sans/Humanist,100
Holtwood One SC,/Serif/Transitional,70
Homemade Apple,/Script/Formal,20
Homemade Apple,/Script/Handwritten,100
Homemade Apple,/Script/Informal,80
Homenaje,/Sans/Geometric,60
Homenaje,/Sans/Superelipse,30
Hubballi,/Sans/Rounded,60
Hubballi,/Script/Handwritten,30
Hurricane,/Script/Formal,90
Hurricane,/Script/Informal,40
IBM Plex Mono,/Sans/Neo Grotesque,80
IBM Plex Mono,/Slab/Geometric,20
IBM Plex Sans,/Sans/Neo Grotesque,100
IBM Plex Sans,/Sans/Superelipse,50
IBM Plex Sans Arabic,/Sans/Neo Grotesque,100
IBM Plex Sans Arabic,/Sans/Superelipse,50
IBM Plex Sans Condensed,/Sans/Neo Grotesque,100
IBM Plex Sans Condensed,/Sans/Superelipse,100
IBM Plex Sans Devanagari,/Sans/Neo Grotesque,100
IBM Plex Sans Devanagari,/Sans/Superelipse,50
IBM Plex Sans Hebrew,/Sans/Neo Grotesque,100
IBM Plex Sans Hebrew,/Sans/Superelipse,50
IBM Plex Sans JP,/Sans/Neo Grotesque,100
IBM Plex Sans JP,/Sans/Superelipse,50
IBM Plex Sans KR,/Sans/Neo Grotesque,100
IBM Plex Sans KR,/Sans/Superelipse,50
IBM Plex Sans Thai,/Sans/Neo Grotesque,100
IBM Plex Sans Thai,/Sans/Superelipse,50
IBM Plex Sans Thai Looped,/Sans/Neo Grotesque,100
IBM Plex Sans Thai Looped,/Sans/Superelipse,50
IBM Plex Serif,/Serif/Scotch,100
IM FELL DW Pica,/Display/Distressed,20
IM FELL DW Pica,/Serif/Old Style Garalde,100
IM FELL DW Pica SC,/Display/Distressed,20
IM FELL DW Pica SC,/Serif/Old Style Garalde,100
IM FELL Double Pica,/Display/Distressed,20
IM FELL Double Pica,/Serif/Old Style Garalde,100
IM FELL Double Pica SC,/Display/Distressed,20
IM FELL Double Pica SC,/Serif/Old Style Garalde,100
IM FELL English,/Display/Distressed,20
IM FELL English,/Serif/Old Style Garalde,100
IM FELL English SC,/Display/Distressed,20
IM FELL English SC,/Serif/Old Style Garalde,100
IM FELL French Canon,/Serif/Transitional,100
IM FELL French Canon SC,/Serif/Transitional,100
IM FELL Great Primer,/Serif/Old Style Garalde,100
IM FELL Great Primer SC,/Serif/Old Style Garalde,100
Ibarra Real Nova,/Serif/Transitional,100
Iceberg,/Display/Blackletter,20
Iceberg,/Display/Techno,50
Iceland,/Display/Techno,100
Imbue,/Serif/Didone,100
Imperial Script,/Script/Formal,100
Imprima,/Sans/Humanist,100
Inclusive Sans,/Sans/Geometric,20
Inclusive Sans,/Sans/Neo Grotesque,80
Inconsolata,/Sans/Humanist,100
Inder,/Sans/Humanist,100
Indie Flower,/Script/Handwritten,100
Indie Flower,/Script/Informal,100
Ingrid Darling,/Display/Wacky,40
Ingrid Darling,/Script/Handwritten,100
Ingrid Darling,/Script/Informal,50
Inika,/Serif/Old Style Garalde,10
Inknut Antiqua,/Script/Formal,20
Inknut Antiqua,/Serif/Humanist Venetian,80
Inria Sans,/Sans/Humanist,80
Inria Sans,/Sans/Superelipse,20
Inria Serif,/Serif/Modern,80
Inria Serif,/Serif/Transitional,20
Inspiration,/Display/Wacky,40
Inspiration,/Script/Handwritten,100
Inspiration,/Script/Informal,100
Instrument Sans,/Sans/Geometric,100
Instrument Serif,/Serif/Modern,100
Instrument Serif,/Serif/Scotch,100
Inter,/Sans/Geometric,20
Inter,/Sans/Humanist,10
Inter,/Sans/Neo Grotesque,100
Inter Tight,/Sans/Geometric,20
Inter Tight,/Sans/Humanist,10
Inter Tight,/Sans/Neo Grotesque,100
Irish Grover,/Display/Wacky,100
Irish Grover,/Sans/Glyphic,100
Island Moments,/Display/Brush/Marker,50
Island Moments,/Script/Formal,100
Island Moments,/Script/Handwritten,20
Istok Web,/Sans/Humanist,60
Istok Web,/Sans/Rounded,60
Italiana,/Serif/Modern,100
Italianno,/Script/Formal,100
Italianno,/Script/Handwritten,100
Itim,/Display/Brush/Marker,100
Itim,/Sans/Humanist,40
Itim,/Script/Handwritten,50
Jacques Francois,/Serif/Transitional,100
Jacques Francois Shadow,/Display/Shaded,100
Jacques Francois Shadow,/Serif/Transitional,100
Jaldi,/Indic/Low contrast,100
Jaldi,/Sans/Superelipse,90
JetBrains Mono,/Sans/Geometric,70
Jim Nightshade,/Script/Formal,80
Jim Nightshade,/Script/Handwritten,50
Joan,/Serif/Humanist Venetian,100
Jockey One,/Display/Techno,50
Jockey One,/Sans/Superelipse,70
Jolly Lodger,/Display/Wacky,100
Jomhuria,/Sans/Superelipse,100
Jomolhari,/Serif/Transitional,100
Josefin Sans,/Sans/Geometric,100
Josefin Sans,/Sans/Rounded,80
Josefin Slab,/Slab/Geometric,100
Jost,/Sans/Geometric,100
Jost,/Sans/Rounded,80
Joti One,/Display/Wacky,100
Jua,/Sans/Rounded,100
Jua,/Script/Handwritten,60
Judson,/Serif/Transitional,100
Julee,/Display/Wacky,80
Julee,/Script/Handwritten,100
Julius Sans One,/Sans/Glyphic,100
Junge,/Serif/Humanist Venetian,30
Junge,/Serif/Transitional,50
Jura,/Sans/Rounded,100
Jura,/Sans/Superelipse,100
Just Another Hand,/Script/Handwritten,100
Just Another Hand,/Script/Informal,100
Just Another Hand,/Script/Upright Script,100
Just Me Again Down Here,/Script/Handwritten,100
Just Me Again Down Here,/Script/Informal,100
Just Me Again Down Here,/Script/Upright Script,100
K2D,/Sans/Neo Grotesque,40
K2D,/Sans/Superelipse,80
Kablammo,/Display/Blobby,100
Kablammo,/Display/Wacky,100
Kaisei Decol,/Serif/Modern,30
Kaisei Decol,/Serif/Transitional,40
Kaisei HarunoUmi,/Serif/Modern,30
Kaisei HarunoUmi,/Serif/Transitional,40
Kaisei Opti,/Serif/Modern,30
Kaisei Opti,/Serif/Transitional,40
Kaisei Tokumin,/Serif/Modern,30
Kaisei Tokumin,/Serif/Transitional,40
Kalam,/Display/Brush/Marker,100
Kalam,/Script/Handwritten,100
Kalam,/Script/Informal,100
Kameron,/Slab/Clarendon,60
Kameron,/Slab/Geometric,30
Kanit,/Display/Techno,50
Kanit,/Sans/Geometric,10
Kanit,/Sans/Humanist,80
Kanit,/Sans/Superelipse,100
Kantumruy Pro,/Sans/Grotesque,100
Kapakana,/Script/Formal,100
Karantina,/Sans/Geometric,50
Karantina,/Sans/Superelipse,80
Karla,/Sans/Grotesque,100
Karla Tamil Inclined,/Sans/Grotesque,100
Karla Tamil Upright,/Sans/Grotesque,100
Karma,/Indic/Contemporary/High contrast,100
Karma,/Serif/Transitional,10
Katibeh,/Arabic/Naskh,100
Katibeh,/Serif/Fat Face,10
Kaushan Script,/Script/Informal,50
Kavivanar,/Display/Brush/Marker,100
Kavivanar,/Indic/Sign Painting/vernacular,100
Kavivanar,/Indic/Traditional/High contrast,100
Kavivanar,/Sans/Humanist,100
Kavivanar,/Script/Handwritten,100
Kavivanar,/Script/Informal,70
Kavoon,/Display/Wacky,10
Kavoon,/Script/Upright Script,100
Kdam Thmor Pro,/Display/Techno,50
Kdam Thmor Pro,/Display/Woodtype,50
Kdam Thmor Pro,/Sans/Geometric,10
Kdam Thmor Pro,/Sans/Superelipse,30
Keania One,/Display/Stencil,100
Keania One,/Display/Techno,10
Keania One,/Display/Woodtype,50
Keania One,/Sans/Superelipse,70
Kelly Slab,/Display/Woodtype,30
Kelly Slab,/Slab/Humanist,30
Kenia,/Display/Blackletter,20
Kenia,/Display/Stencil,100
Khand,/Indic/Low contrast,100
Khand,/Sans/Humanist,80
Khula,/Indic/Low contrast,100
Khula,/Sans/Humanist,100
Kings,/Display/Medieval,80
Kings,/Script/Formal,80
Kings,/Script/Handwritten,60
Kirang Haerang,/Display/Blobby,60
Kirang Haerang,/Display/Wacky,100
Kite One,/Sans/Humanist,100
Kite One,/Sans/Rounded,80
Kiwi Maru,/Sans/Rounded,100
Kiwi Maru,/Slab/Geometric,80
Klee One,/Display/Brush/Marker,20
Klee One,/Sans/Rounded,40
Klee One,/Script/Handwritten,80
Knewave,/Display/Blobby,80
Knewave,/Display/Brush/Marker,100
Knewave,/Script/Handwritten,100
Knewave,/Script/Informal,100
KoHo,/Sans/Geometric,60
KoHo,/Sans/Humanist,60
KoHo,/Sans/Neo Grotesque,40
KoHo,"/South East Asian (Thai, Khmer, Lao)/Looped",100
Kodchasan,/Sans/Geometric,100
Kodchasan,/Sans/Rounded,100
Kodchasan,"/South East Asian (Thai, Khmer, Lao)/Looped",100
Koh Santepheap,/Serif/Modern,100
Koh Santepheap,/Serif/Scotch,100
Kolker Brush,/Display/Brush/Marker,100
Kolker Brush,/Script/Informal,100
Kosugi,/Sans/Grotesque,60
Kosugi Maru,/Sans/Grotesque,60
Kosugi Maru,/Sans/Rounded,100
Kotta One,/Serif/Humanist Venetian,10
Koulen,/Sans/Superelipse,100
Kranky,/Display/Brush/Marker,20
Kranky,/Display/Distressed,50
Kranky,/Display/Inline,20
Kranky,/Display/Wacky,100
Kranky,/Script/Handwritten,20
Krona One,/Sans/Geometric,100
Krub,/Sans/Humanist,100
Kufam,/Sans/Geometric,20
Kufam,/Sans/Humanist,40
Kulim Park,/Sans/Geometric,30
Kulim Park,/Sans/Humanist,30
Kumar One,/Sans/Geometric,10
Kumar One,/Serif/Fat Face,30
Kumar One,/Serif/Modern,100
Kumar One,/Slab/Geometric,10
Kumar One Inline,/Display/Inline,50
Kumar One Inline,/Sans/Geometric,10
Kumar One Inline,/Serif/Fat Face,30
Kumar One Inline,/Serif/Modern,100
Kumar One Inline,/Slab/Geometric,10
Kumbh Sans,/Sans/Geometric,100
Kurale,/Display/Wacky,20
Kurale,/Script/Upright Script,80
Kurale,/Serif/Old Style Garalde,80
La Belle Aurore,/Script/Informal,100
Labrada,/Serif/Humanist Venetian,40
Lacquer,/Display/Brush/Marker,100
Lacquer,/Script/Handwritten,100
Laila,/Sans/Humanist,60
Laila,/Serif/Humanist Venetian,40
Lakki Reddy,/Sans/Glyphic,50
Lakki Reddy,/Serif/Transitional,10
Lalezar,/Sans/Humanist,100
Lancelot,/Serif/Old Style Garalde,100
Langar,/Script/Upright Script,20
Langar,/Serif/Humanist Venetian,30
Lateef,/Serif/Old Style Garalde,30
Lateef,/Serif/Transitional,70
Lato,/Sans/Humanist,100
Lavishly Yours,/Script/Formal,60
Lavishly Yours,/Script/Handwritten,100
Lavishly Yours,/Script/Informal,20
League Gothic,/Sans/Grotesque,100
League Gothic,/Sans/Superelipse,100
League Script,/Script/Formal,40
League Script,/Script/Handwritten,40
League Script,/Script/Informal,40
League Spartan,/Sans/Geometric,100
Leckerli One,/Display/Brush/Marker,100
Leckerli One,/Script/Handwritten,100
Leckerli One,/Script/Informal,100
Ledger,/Serif/Modern,100
Lekton,/Sans/Humanist,70
Lekton,/Slab/Humanist,30
Lemon,/Display/Brush/Marker,100
Lemonada,/Display/Brush/Marker,100
Lexend,/Sans/Geometric,100
Lexend Deca,/Sans/Geometric,100
Lexend Exa,/Sans/Geometric,100
Lexend Giga,/Sans/Geometric,100
Lexend Mega,/Sans/Geometric,100
Lexend Peta,/Sans/Geometric,100
Lexend Tera,/Sans/Geometric,100
Lexend Zetta,/Sans/Geometric,100
Libre Barcode 128,/Display/Techno,10
Libre Barcode 128 Text,/Display/Techno,10
Libre Barcode 39,/Display/Techno,10
Libre Barcode 39 Extended,/Display/Techno,10
Libre Barcode 39 Extended Text,/Display/Techno,10
Libre Barcode 39 Text,/Display/Techno,10
Libre Barcode EAN13 Text,/Display/Techno,10
Libre Baskerville,/Serif/Transitional,100
Libre Bodoni,/Serif/Didone,100
Libre Caslon Display,/Serif/Old Style Garalde,100
Libre Caslon Text,/Serif/Old Style Garalde,100
Libre Franklin,/Sans/Grotesque,100
Licorice,/Script/Informal,50
Life Savers,/Display/Wacky,50
Lilita One,/Display/Blobby,70
Lilita One,/Display/Wacky,10
Lilita One,/Display/Woodtype,20
Lilita One,/Sans/Humanist,100
Lily Script One,/Script/Informal,100
Limelight,/Display/Art Deco,100
Linden Hill,/Serif/Old Style Garalde,100
Lisu Bosa,/Serif/Transitional,100
Literata,/Serif/Transitional,100
Liu Jian Mao Cao,/Script/Handwritten,100
Liu Jian Mao Cao,/Script/Informal,100
Liu Jian Mao Cao,/Script/Upright Script,100
Livvic,/Sans/Geometric,10
Livvic,/Sans/Humanist,100
Lobster,/Script/Informal,40
Lobster Two,/Script/Informal,40
Londrina Outline,/Display/Blobby,40
Londrina Outline,/Display/Distressed,100
Londrina Outline,/Display/Wacky,10
Londrina Outline,/Sans/Grotesque,100
Londrina Shadow,/Display/Blobby,40
Londrina Shadow,/Display/Distressed,100
Londrina Shadow,/Display/Shaded,100
Londrina Shadow,/Display/Wacky,10
Londrina Shadow,/Sans/Grotesque,100
Londrina Sketch,/Display/Blobby,40
Londrina Sketch,/Display/Distressed,100
Londrina Sketch,/Display/Wacky,10
Londrina Sketch,/Sans/Grotesque,100
Londrina Solid,/Display/Blobby,40
Londrina Solid,/Display/Distressed,100
Londrina Solid,/Display/Wacky,10
Londrina Solid,/Sans/Grotesque,100
Long Cang,/Script/Handwritten,100
Long Cang,/Script/Informal,100
Lora,/Serif/Transitional,60
Love Light,/Script/Formal,60
Love Ya Like A Sister,/Display/Distressed,90
Love Ya Like A Sister,/Display/Wacky,60
Love Ya Like A Sister,/Display/Woodtype,20
Loved by the King,/Script/Handwritten,100
Loved by the King,/Script/Informal,100
Loved by the King,/Script/Upright Script,100
Lovers Quarrel,/Script/Formal,80
Luckiest Guy,/Display/Wacky,40
Luckiest Guy,/Display/Woodtype,30
Lugrasimo,/Script/Formal,100
Lugrasimo,/Script/Handwritten,100
Lumanosimo,/Script/Informal,50
Lunasima,/Sans/Humanist,100
Lusitana,/Serif/Transitional,100
Lustria,/Serif/Transitional,60
Luxurious Roman,/Serif/Humanist Venetian,50
Luxurious Roman,/Serif/Transitional,50
Luxurious Script,/Script/Formal,100
M PLUS 1,/Sans/Geometric,50
M PLUS 1,/Sans/Humanist,50
M PLUS 1 Code,/Sans/Humanist,60
M PLUS 1 Code,/Sans/Superelipse,30
M PLUS 1 Code,/Slab/Geometric,10
M PLUS 1p,/Sans/Geometric,50
M PLUS 1p,/Sans/Humanist,50
M PLUS 2,/Sans/Geometric,50
M PLUS 2,/Sans/Humanist,50
Ma Shan Zheng,/Display/Brush/Marker,100
Ma Shan Zheng,/Script/Handwritten,100
Ma Shan Zheng,/Script/Informal,50
Macondo,/Display/Blobby,10
Macondo,/Display/Medieval,80
Macondo Swash Caps,/Display/Blobby,10
Macondo Swash Caps,/Display/Medieval,80
Mada,/Arabic/Kufi,100
Mada,/Sans/Humanist,80
Mada,/Sans/Neo Grotesque,20
Magra,/Sans/Humanist,100
Maiden Orange,/Display/Distressed,10
Maiden Orange,/Display/Wacky,40
Maiden Orange,/Display/Woodtype,70
Maiden Orange,/Slab/Clarendon,20
Maitree,/Serif/Transitional,50
Major Mono Display,/Display/Art Deco,80
Major Mono Display,/Display/Techno,80
Major Mono Display,/Sans/Glyphic,100
Mali,/Script/Handwritten,100
Mali,/Script/Informal,100
Mallanna,/Sans/Geometric,60
Mallanna,/Sans/Neo Grotesque,20
Mallanna,/Sans/Rounded,100
Mandali,/Sans/Geometric,60
Mandali,/Sans/Neo Grotesque,20
Mandali,/Sans/Rounded,100
Manjari,/Sans/Geometric,100
Manjari,/Sans/Rounded,100
Manrope,/Sans/Neo Grotesque,100
Mansalva,/Script/Handwritten,100
Mansalva,/Script/Informal,100
Mansalva,/Script/Upright Script,30
Manuale,/Serif/Transitional,20
Marck Script,/Display/Brush/Marker,80
Marck Script,/Script/Handwritten,50
Marck Script,/Script/Informal,100
Margarine,/Display/Brush/Marker,100
Margarine,/Display/Distressed,100
Marhey,/Display/Brush/Marker,50
Marhey,/Sans/Humanist,40
Marhey,/Script/Upright Script,30
Markazi Text,/Serif/Old Style Garalde,30
Markazi Text,/Serif/Transitional,30
Marko One,/Display/Brush/Marker,30
Marko One,/Script/Upright Script,20
Marmelad,/Sans/Humanist,60
Marmelad,/Sans/Neo Grotesque,20
Marmelad,/Sans/Rounded,80
Martel,/Serif/Humanist Venetian,20
Martel,/Serif/Old Style Garalde,20
Martel Sans,/Sans/Humanist,100
Martian Mono,/Sans/Grotesque,100
Martian Mono,/Slab/Geometric,30
Marvel,/Sans/Humanist,70
Marvel,/Sans/Superelipse,100
Mate,/Serif/Humanist Venetian,50
Mate SC,/Serif/Humanist Venetian,50
Maven Pro,/Sans/Humanist,50
McLaren,/Sans/Geometric,20
Mea Culpa,/Script/Formal,100
Meddon,/Script/Formal,50
Meddon,/Script/Handwritten,100
MedievalSharp,/Display/Blackletter,20
MedievalSharp,/Display/Medieval,60
MedievalSharp,/Sans/Glyphic,100
Medula One,/Display/Blackletter,50
Medula One,/Sans/Rounded,40
Meera Inimai,/Sans/Geometric,40
Meera Inimai,/Sans/Neo Grotesque,40
Megrim,/Display/Art Deco,10
Meie Script,/Script/Formal,100
Meow Script,/Display/Brush/Marker,100
Meow Script,/Script/Handwritten,20
Meow Script,/Script/Informal,100
Merienda,/Display/Brush/Marker,100
Merienda,/Script/Handwritten,100
Merienda,/Script/Informal,40
Merriweather,/Serif/Humanist Venetian,20
Merriweather,/Serif/Old Style Garalde,40
Merriweather,/Serif/Transitional,20
Merriweather Sans,/Sans/Humanist,100
Metal,/Serif/Old Style Garalde,100
Metal Mania,/Display/Distressed,100
Metal Mania,/Display/Wacky,10
Metamorphous,/Display/Medieval,100
Metrophobic,/Sans/Superelipse,100
Michroma,/Display/Techno,60
Michroma,/Sans/Superelipse,100
Milonga,/Serif/Transitional,100
Miltonian,/Display/Brush/Marker,10
Miltonian,/Display/Inline,100
Miltonian,/Serif/Modern,40
Miltonian Tattoo,/Display/Brush/Marker,10
Miltonian Tattoo,/Serif/Modern,40
Mina,/Sans/Humanist,20
Mina,/Sans/Superelipse,100
Miniver,/Display/Wacky,40
Miniver,/Script/Informal,100
Miriam Libre,/Sans/Geometric,10
Miriam Libre,/Sans/Superelipse,70
Miriam Libre,/Slab/Geometric,30
Mirza,/Sans/Glyphic,100
Miss Fajardose,/Script/Formal,40
Mitr,/Sans/Humanist,100
Mochiy Pop One,/Sans/Humanist,50
Mochiy Pop P One,/Sans/Humanist,50
Modak,/Display/Blobby,80
Modak,/Sans/Humanist,100
Modak,/Serif/Humanist Venetian,50
Modern Antiqua,/Display/Medieval,70
Mogra,/Display/Brush/Marker,100
Mogra,/Script/Informal,50
Mohave,/Sans/Superelipse,100
Molengo,/Sans/Humanist,100
Molle,/Display/Art Nouveau,30
Molle,/Display/Blobby,30
Molle,/Display/Brush/Marker,50
Molle,/Script/Informal,50
Monda,/Sans/Humanist,40
Monda,/Sans/Superelipse,100
Monofett,/Display/Shaded,100
Monofett,/Sans/Geometric,10
Monofett,/Sans/Superelipse,50
Monomaniac One,/Sans/Rounded,100
Monomaniac One,/Sans/Superelipse,100
Monoton,/Display/Art Deco,80
Monoton,/Display/Inline,100
Monoton,/Display/Techno,20
Monoton,/Sans/Geometric,100
Monsieur La Doulaise,/Script/Formal,100
Montaga,/Serif/Humanist Venetian,80
Montaga,/Serif/Old Style Garalde,20
Montagu Slab,/Slab/Clarendon,100
MonteCarlo,/Script/Formal,100
Montez,/Script/Handwritten,100
Montez,/Script/Upright Script,100
Montserrat,/Sans/Geometric,100
Montserrat Alternates,/Sans/Geometric,100
Montserrat Subrayada,/Sans/Geometric,100
Moo Lah Lah,/Display/Wacky,100
Mooli,/Sans/Humanist,100
Moon Dance,/Script/Formal,100
Moon Dance,/Script/Handwritten,100
Moul,/Slab/Clarendon,100
Moulpali,/Sans/Humanist,50
Moulpali,/Sans/Superelipse,50
Mountains of Christmas,/Display/Distressed,40
Mountains of Christmas,/Display/Wacky,100
Mountains of Christmas,/Serif/Modern,20
Mountains of Christmas,/Serif/Transitional,20
Mouse Memoirs,/Display/Wacky,100
Mouse Memoirs,/Sans/Glyphic,100
Mouse Memoirs,/Sans/Grotesque,20
Mr Bedfort,/Display/Brush/Marker,20
Mr Bedfort,/Script/Formal,50
Mr Bedfort,/Script/Handwritten,100
Mr Bedfort,/Script/Informal,50
Mr Dafoe,/Display/Brush/Marker,100
Mr Dafoe,/Script/Handwritten,100
Mr Dafoe,/Script/Informal,100
Mr De Haviland,/Display/Brush/Marker,10
Mr De Haviland,/Script/Formal,60
Mr De Haviland,/Script/Handwritten,100
Mr De Haviland,/Script/Informal,40
Mrs Saint Delafield,/Script/Formal,80
Mrs Saint Delafield,/Script/Handwritten,100
Mrs Saint Delafield,/Script/Informal,20
Mrs Sheppards,/Display/Brush/Marker,100
Mrs Sheppards,/Script/Handwritten,100
Mrs Sheppards,/Script/Informal,100
Ms Madi,/Display/Brush/Marker,60
Ms Madi,/Script/Handwritten,100
Ms Madi,/Script/Informal,100
Mukta,/Sans/Humanist,100
Mukta Mahee,/Sans/Humanist,100
Mukta Malar,/Sans/Humanist,100
Mukta Vaani,/Sans/Humanist,100
Mulish,/Sans/Geometric,60
Mulish,/Sans/Humanist,40
Murecho,/Sans/Humanist,100
MuseoModerno,/Sans/Geometric,100
My Soul,/Script/Formal,80
My Soul,/Script/Handwritten,100
Mynerve,/Script/Handwritten,100
Mynerve,/Script/Informal,100
Mystery Quest,/Display/Wacky,100
NATS,/Sans/Geometric,100
Nabla,/Display/Shaded,100
Nabla,/Display/Techno,40
Namdhinggo,/Serif/Humanist Venetian,100
Nanum Brush Script,/Script/Handwritten,100
Nanum Pen,/Display/Brush/Marker,100
Nanum Pen,/Script/Handwritten,100
Nanum Pen,/Script/Informal,100
NanumGothic,/Sans/Grotesque,70
NanumGothic,/Sans/Humanist,30
NanumGothicCoding,/Sans/Geometric,40
NanumGothicCoding,/Sans/Grotesque,20
NanumGothicCoding,/Sans/Humanist,20
NanumGothicCoding,/Slab/Geometric,20
NanumMyeongjo,/Serif/Old Style Garalde,100
Narnoor,/Sans/Humanist,100
Neonderthaw,/Display/Inline,20
Neonderthaw,/Script/Formal,40
Nerko One,/Display/Brush/Marker,100
Nerko One,/Script/Handwritten,40
Neucha,/Sans/Humanist,20
Neuton,/Serif/Humanist Venetian,100
New Rocker,/Display/Blackletter,100
New Tegomin,/Serif/Transitional,50
New Tegomin,/Slab/Humanist,50
News Cycle,/Sans/Grotesque,20
News Cycle,/Sans/Humanist,80
Newsreader,/Serif/Transitional,100
Niconne,/Serif/Modern,100
Niramit,/Sans/Geometric,90
Niramit,/Sans/Humanist,10
Nixie One,/Slab/Humanist,100
Tauri,/Sans/Grotesque,20
Tauri,/Sans/Humanist,80
Tektur,/Sans/Geometric,80
Tektur,/Sans/Superelipse,50
Tenali Ramakrishna,/Sans/Geometric,30
Tenali Ramakrishna,/Sans/Humanist,30
Tenali Ramakrishna,/Sans/Neo Grotesque,50
Titillium Web,/Sans/Geometric,20
Titillium Web,/Sans/Grotesque,60
Titillium Web,/Sans/Humanist,20
Tsukimi Rounded,/Sans/Geometric,80
Tsukimi Rounded,/Sans/Rounded,100
Twinkle Star,/Script/Handwritten,80
Twinkle Star,/Script/Informal,70
Ultra,/Slab/Clarendon,90
Uncial Antiqua,/Display/Medieval,80
Unica One,/Sans/Geometric,80
Unica One,/Sans/Neo Grotesque,40
UnifrakturCook,/Display/Blackletter,100
UnifrakturMaguntia,/Display/Blackletter,100
Unkempt,/Script/Handwritten,60
Unkempt,/Script/Informal,80
Unna,/Serif/Modern,80
Vampiro One,/Sans/Geometric,50
Vampiro One,/Sans/Grotesque,50
Vampiro One,/Sans/Humanist,40
Varela,/Sans/Geometric,50
Varela,/Sans/Grotesque,50
Varela,/Sans/Humanist,40
Volkhov,/Serif/Transitional,80
Vollkorn,/Serif/Transitional,80
Voltaire,/Sans/Geometric,50
Voltaire,/Sans/Grotesque,50
Vujahday Script,/Script/Handwritten,70
Vujahday Script,/Script/Informal,70
Waiting for the Sunrise,/Script/Handwritten,70
Waiting for the Sunrise,/Script/Informal,80
Walter Turncoat,/Script/Informal,80
Warnes,/Script/Handwritten,50
Water Brush,/Script/Informal,70
Waterfall,/Script/Informal,50
Whisper,/Script/Informal,70
WindSong,/Script/Informal,70
Work Sans,/Sans/Humanist,70
Work Sans,/Sans/Neo Grotesque,30
Yeseva One,/Serif/Modern,70
Ysabeau Infant,/Sans/Geometric,50
Ysabeau Infant,/Sans/Grotesque,50
Ysabeau Office,/Sans/Humanist,90
Ysabeau SC,/Sans/Humanist,90
Yuji Hentaigana Akari,/Script/Informal,70
Yuji Hentaigana Akebono,/Script/Informal,70
Zen Loop,/Script/Handwritten,80
Zen Loop,/Script/Informal,60
Zen Tokyo Zoo,/Display/Art Deco,30
Zen Tokyo Zoo,/Display/Inline,70
Zeyada,/Script/Informal,90
Zilla Slab,/Slab/Clarendon,10
Zilla Slab,/Slab/Geometric,20
Zilla Slab,/Slab/Humanist,70
Zilla Slab Highlight,/Slab/Clarendon,10
Zilla Slab Highlight,/Slab/Geometric,20
Zilla Slab Highlight,/Slab/Humanist,70
jsMath-cmbx10,/Serif/Modern,100
jsMath-cmbx10,/Slab/Clarendon,100
jsMath-cmex10,/Serif/Modern,100
jsMath-cmex10,/Slab/Clarendon,100
jsMath-cmmi10,/Serif/Modern,100
jsMath-cmmi10,/Slab/Clarendon,100
jsMath-cmr10,/Serif/Modern,100
jsMath-cmr10,/Slab/Clarendon,100
jsMath-cmsy10,/Serif/Modern,100
jsMath-cmsy10,/Slab/Clarendon,100
jsMath-cmti10,/Serif/Modern,100
jsMath-cmti10,/Slab/Clarendon,100
